date,medicine,form,daily_consumption,received_qty,stock_on_hand,nearest_expiry
2026-05-01,Paracetamol 500mg,TABLET,185,0,1015,2026-07-30
2026-05-02,Paracetamol 500mg,TABLET,186,0,829,2026-07-31
2026-05-03,Paracetamol 500mg,TABLET,140,2520,3209,2026-08-01
2026-05-04,Paracetamol 500mg,TABLET,205,1260,4264,2026-08-02
2026-05-05,Paracetamol 500mg,TABLET,202,0,4062,2026-08-03
2026-05-06,Paracetamol 500mg,TABLET,197,1260,5125,2026-08-04
2026-05-07,Paracetamol 500mg,TABLET,183,1260,6202,2026-08-05
2026-05-08,Paracetamol 500mg,TABLET,190,0,6012,2026-08-06
2026-05-09,Paracetamol 500mg,TABLET,181,0,5831,2026-08-07
2026-05-10,Paracetamol 500mg,TABLET,191,0,5640,2026-08-08
2026-05-11,Paracetamol 500mg,TABLET,201,0,5439,2026-08-09
2026-05-12,Paracetamol 500mg,TABLET,230,1260,6469,2026-08-10
2026-05-13,Paracetamol 500mg,TABLET,175,0,6294,2026-08-11
2026-05-14,Paracetamol 500mg,TABLET,193,0,6101,2026-08-12
2026-05-15,Paracetamol 500mg,TABLET,191,0,5910,2026-08-13
2026-05-16,Paracetamol 500mg,TABLET,215,2520,8215,2026-08-14
2026-05-17,Paracetamol 500mg,TABLET,168,0,8047,2026-08-15
2026-05-18,Paracetamol 500mg,TABLET,219,0,7828,2026-08-16
2026-05-19,Paracetamol 500mg,TABLET,205,0,7623,2026-08-17
2026-05-20,Paracetamol 500mg,TABLET,170,0,7453,2026-08-18
2026-05-21,Paracetamol 500mg,TABLET,199,1260,8514,2026-08-19
2026-05-22,Paracetamol 500mg,TABLET,164,0,8350,2026-08-20
2026-05-23,Paracetamol 500mg,TABLET,167,1260,9443,2026-08-21
2026-05-24,Paracetamol 500mg,TABLET,181,0,9262,2026-08-22
2026-05-25,Paracetamol 500mg,TABLET,227,0,9035,2026-08-23
2026-05-26,Paracetamol 500mg,TABLET,223,0,8812,2026-08-24
2026-05-27,Paracetamol 500mg,TABLET,192,0,8620,2026-08-25
2026-05-28,Paracetamol 500mg,TABLET,160,1260,9720,2026-08-26
2026-05-29,Paracetamol 500mg,TABLET,179,0,9541,2026-08-27
2026-05-30,Paracetamol 500mg,TABLET,175,0,9366,2026-08-28
2026-05-31,Paracetamol 500mg,TABLET,165,0,9201,2026-08-29
2026-06-01,Paracetamol 500mg,TABLET,175,1260,10286,2026-08-30
2026-06-02,Paracetamol 500mg,TABLET,215,0,10071,2026-08-31
2026-06-03,Paracetamol 500mg,TABLET,202,0,9869,2026-09-01
2026-06-04,Paracetamol 500mg,TABLET,183,0,9686,2026-09-02
2026-06-05,Paracetamol 500mg,TABLET,206,0,9480,2026-09-03
2026-06-06,Paracetamol 500mg,TABLET,159,0,9321,2026-09-04
2026-06-07,Paracetamol 500mg,TABLET,166,0,9155,2026-09-05
2026-06-08,Paracetamol 500mg,TABLET,216,0,8939,2026-09-06
2026-06-09,Paracetamol 500mg,TABLET,204,1260,9995,2026-09-07
2026-06-10,Paracetamol 500mg,TABLET,203,0,9792,2026-09-08
2026-06-11,Paracetamol 500mg,TABLET,200,0,9592,2026-09-09
2026-06-12,Paracetamol 500mg,TABLET,184,0,9408,2026-09-10
2026-06-13,Paracetamol 500mg,TABLET,162,0,9246,2026-09-11
2026-06-14,Paracetamol 500mg,TABLET,176,0,9070,2026-09-12
2026-06-15,Paracetamol 500mg,TABLET,226,0,8844,2026-09-13
2026-06-16,Paracetamol 500mg,TABLET,230,0,8614,2026-09-14
2026-06-17,Paracetamol 500mg,TABLET,185,0,8429,2026-09-15
2026-06-18,Paracetamol 500mg,TABLET,160,0,8269,2026-09-16
2026-06-19,Paracetamol 500mg,TABLET,168,2520,10621,2026-09-17
2026-06-20,Paracetamol 500mg,TABLET,193,0,10428,2026-09-18
2026-06-21,Paracetamol 500mg,TABLET,179,2520,12769,2026-09-19
2026-06-22,Paracetamol 500mg,TABLET,210,0,12559,2026-09-20
2026-06-23,Paracetamol 500mg,TABLET,197,0,12362,2026-09-21
2026-06-24,Paracetamol 500mg,TABLET,176,1260,13446,2026-09-22
2026-06-25,Paracetamol 500mg,TABLET,211,0,13235,2026-09-23
2026-06-26,Paracetamol 500mg,TABLET,204,0,13031,2026-09-24
2026-06-27,Paracetamol 500mg,TABLET,176,1260,14115,2026-09-25
2026-06-28,Paracetamol 500mg,TABLET,189,0,13926,2026-09-26
2026-06-29,Paracetamol 500mg,TABLET,225,0,13701,2026-09-27
2026-06-30,Paracetamol 500mg,TABLET,255,0,13446,2026-09-28
2026-07-01,Paracetamol 500mg,TABLET,176,0,13270,2026-09-29
2026-07-02,Paracetamol 500mg,TABLET,201,0,13069,2026-09-30
2026-07-03,Paracetamol 500mg,TABLET,213,0,12856,2026-10-01
2026-07-04,Paracetamol 500mg,TABLET,217,0,12639,2026-10-02
2026-07-05,Paracetamol 500mg,TABLET,178,1260,13721,2026-10-03
2026-07-06,Paracetamol 500mg,TABLET,213,0,13508,2026-10-04
2026-07-07,Paracetamol 500mg,TABLET,236,0,13272,2026-10-05
2026-07-08,Paracetamol 500mg,TABLET,169,0,13103,2026-10-06
2026-07-09,Paracetamol 500mg,TABLET,205,0,12898,2026-10-07
2026-07-10,Paracetamol 500mg,TABLET,239,0,12659,2026-10-08
2026-07-11,Paracetamol 500mg,TABLET,199,0,12460,2026-10-09
2026-07-12,Paracetamol 500mg,TABLET,151,0,12309,2026-10-10
2026-07-13,Paracetamol 500mg,TABLET,205,0,12104,2026-10-11
2026-07-14,Paracetamol 500mg,TABLET,210,0,11894,2026-10-12
2026-07-15,Paracetamol 500mg,TABLET,222,1260,12932,2026-10-13
2026-07-16,Paracetamol 500mg,TABLET,197,0,12735,2026-10-14
2026-07-17,Paracetamol 500mg,TABLET,167,0,12568,2026-10-15
2026-07-18,Paracetamol 500mg,TABLET,192,0,12376,2026-10-16
2026-07-19,Paracetamol 500mg,TABLET,196,0,12180,2026-10-17
2026-07-20,Paracetamol 500mg,TABLET,215,0,11965,2026-10-18
2026-07-21,Paracetamol 500mg,TABLET,204,0,11761,2026-10-19
2026-07-22,Paracetamol 500mg,TABLET,245,1260,12776,2026-10-20
2026-07-23,Paracetamol 500mg,TABLET,219,0,12557,2026-10-21
2026-07-24,Paracetamol 500mg,TABLET,222,0,12335,2026-10-22
2026-07-25,Paracetamol 500mg,TABLET,192,0,12143,2026-10-23
2026-07-26,Paracetamol 500mg,TABLET,182,0,11961,2026-10-24
2026-07-27,Paracetamol 500mg,TABLET,218,0,11743,2026-10-25
2026-07-28,Paracetamol 500mg,TABLET,199,1260,12804,2026-10-26
2026-07-29,Paracetamol 500mg,TABLET,236,1260,13828,2026-10-27
2026-07-30,Paracetamol 500mg,TABLET,202,0,13626,2026-10-28
2026-07-31,Paracetamol 500mg,TABLET,231,1260,14655,2026-10-29
2026-08-01,Paracetamol 500mg,TABLET,189,0,14466,2026-10-30
2026-08-02,Paracetamol 500mg,TABLET,205,0,14261,2026-10-31
2026-08-03,Paracetamol 500mg,TABLET,234,2520,16547,2026-11-01
2026-08-04,Paracetamol 500mg,TABLET,199,0,16348,2026-11-02
2026-08-05,Paracetamol 500mg,TABLET,241,0,16107,2026-11-03
2026-08-06,Paracetamol 500mg,TABLET,198,0,15909,2026-11-04
2026-08-07,Paracetamol 500mg,TABLET,184,0,15725,2026-11-05
2026-08-08,Paracetamol 500mg,TABLET,211,2520,18034,2026-11-06
2026-08-09,Paracetamol 500mg,TABLET,199,0,17835,2026-11-07
2026-08-10,Paracetamol 500mg,TABLET,240,0,17595,2026-11-08
2026-08-11,Paracetamol 500mg,TABLET,235,0,17360,2026-11-09
2026-08-12,Paracetamol 500mg,TABLET,165,0,17195,2026-11-10
2026-08-13,Paracetamol 500mg,TABLET,191,0,17004,2026-11-11
2026-08-14,Paracetamol 500mg,TABLET,190,1260,18074,2026-11-12
2026-08-15,Paracetamol 500mg,TABLET,219,0,17855,2026-11-13
2026-08-16,Paracetamol 500mg,TABLET,201,0,17654,2026-11-14
2026-08-17,Paracetamol 500mg,TABLET,246,0,17408,2026-11-15
2026-08-18,Paracetamol 500mg,TABLET,227,0,17181,2026-11-16
2026-08-19,Paracetamol 500mg,TABLET,221,2520,19480,2026-11-17
2026-08-20,Paracetamol 500mg,TABLET,207,1260,20533,2026-11-18
2026-08-21,Paracetamol 500mg,TABLET,206,0,20327,2026-11-19
2026-08-22,Paracetamol 500mg,TABLET,206,0,20121,2026-11-20
2026-08-23,Paracetamol 500mg,TABLET,204,0,19917,2026-11-21
2026-08-24,Paracetamol 500mg,TABLET,296,0,19621,2026-11-22
2026-08-25,Paracetamol 500mg,TABLET,216,1260,20665,2026-11-23
2026-08-26,Paracetamol 500mg,TABLET,181,1260,21744,2026-11-24
2026-08-27,Paracetamol 500mg,TABLET,219,0,21525,2026-11-25
2026-08-28,Paracetamol 500mg,TABLET,197,1260,22588,2026-11-26
2026-05-01,Amoxicillin 500mg,CAPSULE,94,0,606,2026-06-30
2026-05-02,Amoxicillin 500mg,CAPSULE,103,840,1343,2026-07-01
2026-05-03,Amoxicillin 500mg,CAPSULE,141,0,1202,2026-07-02
2026-05-04,Amoxicillin 500mg,CAPSULE,123,0,1079,2026-07-03
2026-05-05,Amoxicillin 500mg,CAPSULE,111,0,968,2026-07-04
2026-05-06,Amoxicillin 500mg,CAPSULE,147,0,821,2026-07-05
2026-05-07,Amoxicillin 500mg,CAPSULE,108,840,1553,2026-07-06
2026-05-08,Amoxicillin 500mg,CAPSULE,156,0,1397,2026-07-07
2026-05-09,Amoxicillin 500mg,CAPSULE,112,0,1285,2026-07-08
2026-05-10,Amoxicillin 500mg,CAPSULE,137,0,1148,2026-07-09
2026-05-11,Amoxicillin 500mg,CAPSULE,133,840,1855,2026-07-10
2026-05-12,Amoxicillin 500mg,CAPSULE,143,0,1712,2026-07-11
2026-05-13,Amoxicillin 500mg,CAPSULE,121,0,1591,2026-07-12
2026-05-14,Amoxicillin 500mg,CAPSULE,119,0,1472,2026-07-13
2026-05-15,Amoxicillin 500mg,CAPSULE,125,0,1347,2026-07-14
2026-05-16,Amoxicillin 500mg,CAPSULE,123,0,1224,2026-07-15
2026-05-17,Amoxicillin 500mg,CAPSULE,120,0,1104,2026-07-16
2026-05-18,Amoxicillin 500mg,CAPSULE,139,840,1805,2026-07-17
2026-05-19,Amoxicillin 500mg,CAPSULE,128,0,1677,2026-07-18
2026-05-20,Amoxicillin 500mg,CAPSULE,122,0,1555,2026-07-19
2026-05-21,Amoxicillin 500mg,CAPSULE,143,0,1412,2026-07-20
2026-05-22,Amoxicillin 500mg,CAPSULE,114,0,1298,2026-07-21
2026-05-23,Amoxicillin 500mg,CAPSULE,122,0,1176,2026-07-22
2026-05-24,Amoxicillin 500mg,CAPSULE,133,0,1043,2026-07-23
2026-05-25,Amoxicillin 500mg,CAPSULE,146,0,897,2026-07-24
2026-05-26,Amoxicillin 500mg,CAPSULE,152,840,1585,2026-07-25
2026-05-27,Amoxicillin 500mg,CAPSULE,111,840,2314,2026-07-26
2026-05-28,Amoxicillin 500mg,CAPSULE,128,0,2186,2026-07-27
2026-05-29,Amoxicillin 500mg,CAPSULE,121,0,2065,2026-07-28
2026-05-30,Amoxicillin 500mg,CAPSULE,117,0,1948,2026-07-29
2026-05-31,Amoxicillin 500mg,CAPSULE,138,0,1810,2026-07-30
2026-06-01,Amoxicillin 500mg,CAPSULE,137,0,1673,2026-07-31
2026-06-02,Amoxicillin 500mg,CAPSULE,145,0,1528,2026-08-01
2026-06-03,Amoxicillin 500mg,CAPSULE,104,0,1424,2026-08-02
2026-06-04,Amoxicillin 500mg,CAPSULE,148,0,1276,2026-08-03
2026-06-05,Amoxicillin 500mg,CAPSULE,137,0,1139,2026-08-04
2026-06-06,Amoxicillin 500mg,CAPSULE,121,0,1018,2026-08-05
2026-06-07,Amoxicillin 500mg,CAPSULE,118,1680,2580,2026-08-06
2026-06-08,Amoxicillin 500mg,CAPSULE,150,0,2430,2026-08-07
2026-06-09,Amoxicillin 500mg,CAPSULE,159,0,2271,2026-08-08
2026-06-10,Amoxicillin 500mg,CAPSULE,149,0,2122,2026-08-09
2026-06-11,Amoxicillin 500mg,CAPSULE,138,0,1984,2026-08-10
2026-06-12,Amoxicillin 500mg,CAPSULE,128,0,1856,2026-08-11
2026-06-13,Amoxicillin 500mg,CAPSULE,135,0,1721,2026-08-12
2026-06-14,Amoxicillin 500mg,CAPSULE,132,840,2429,2026-08-13
2026-06-15,Amoxicillin 500mg,CAPSULE,144,0,2285,2026-08-14
2026-06-16,Amoxicillin 500mg,CAPSULE,154,0,2131,2026-08-15
2026-06-17,Amoxicillin 500mg,CAPSULE,138,1680,3673,2026-08-16
2026-06-18,Amoxicillin 500mg,CAPSULE,128,1680,5225,2026-08-17
2026-06-19,Amoxicillin 500mg,CAPSULE,122,0,5103,2026-08-18
2026-06-20,Amoxicillin 500mg,CAPSULE,132,840,5811,2026-08-19
2026-06-21,Amoxicillin 500mg,CAPSULE,111,0,5700,2026-08-20
2026-06-22,Amoxicillin 500mg,CAPSULE,127,0,5573,2026-08-21
2026-06-23,Amoxicillin 500mg,CAPSULE,150,0,5423,2026-08-22
2026-06-24,Amoxicillin 500mg,CAPSULE,138,0,5285,2026-08-23
2026-06-25,Amoxicillin 500mg,CAPSULE,134,840,5991,2026-08-24
2026-06-26,Amoxicillin 500mg,CAPSULE,135,0,5856,2026-08-25
2026-06-27,Amoxicillin 500mg,CAPSULE,99,1680,7437,2026-08-26
2026-06-28,Amoxicillin 500mg,CAPSULE,133,0,7304,2026-08-27
2026-06-29,Amoxicillin 500mg,CAPSULE,168,0,7136,2026-08-28
2026-06-30,Amoxicillin 500mg,CAPSULE,159,840,7817,2026-08-29
2026-07-01,Amoxicillin 500mg,CAPSULE,142,0,7675,2026-08-30
2026-07-02,Amoxicillin 500mg,CAPSULE,134,840,8381,2026-08-31
2026-07-03,Amoxicillin 500mg,CAPSULE,135,0,8246,2026-09-01
2026-07-04,Amoxicillin 500mg,CAPSULE,124,0,8122,2026-09-02
2026-07-05,Amoxicillin 500mg,CAPSULE,131,1680,9671,2026-09-03
2026-07-06,Amoxicillin 500mg,CAPSULE,132,0,9539,2026-09-04
2026-07-07,Amoxicillin 500mg,CAPSULE,170,0,9369,2026-09-05
2026-07-08,Amoxicillin 500mg,CAPSULE,121,840,10088,2026-09-06
2026-07-09,Amoxicillin 500mg,CAPSULE,144,0,9944,2026-09-07
2026-07-10,Amoxicillin 500mg,CAPSULE,150,0,9794,2026-09-08
2026-07-11,Amoxicillin 500mg,CAPSULE,138,0,9656,2026-09-09
2026-07-12,Amoxicillin 500mg,CAPSULE,157,0,9499,2026-09-10
2026-07-13,Amoxicillin 500mg,CAPSULE,119,0,9380,2026-09-11
2026-07-14,Amoxicillin 500mg,CAPSULE,142,0,9238,2026-09-12
2026-07-15,Amoxicillin 500mg,CAPSULE,151,840,9927,2026-09-13
2026-07-16,Amoxicillin 500mg,CAPSULE,117,0,9810,2026-09-14
2026-07-17,Amoxicillin 500mg,CAPSULE,123,0,9687,2026-09-15
2026-07-18,Amoxicillin 500mg,CAPSULE,135,840,10392,2026-09-16
2026-07-19,Amoxicillin 500mg,CAPSULE,111,1680,11961,2026-09-17
2026-07-20,Amoxicillin 500mg,CAPSULE,151,0,11810,2026-09-18
2026-07-21,Amoxicillin 500mg,CAPSULE,158,0,11652,2026-09-19
2026-07-22,Amoxicillin 500mg,CAPSULE,137,0,11515,2026-09-20
2026-07-23,Amoxicillin 500mg,CAPSULE,138,0,11377,2026-09-21
2026-07-24,Amoxicillin 500mg,CAPSULE,126,0,11251,2026-09-22
2026-07-25,Amoxicillin 500mg,CAPSULE,132,0,11119,2026-09-23
2026-07-26,Amoxicillin 500mg,CAPSULE,125,0,10994,2026-09-24
2026-07-27,Amoxicillin 500mg,CAPSULE,148,0,10846,2026-09-25
2026-07-28,Amoxicillin 500mg,CAPSULE,165,0,10681,2026-09-26
2026-07-29,Amoxicillin 500mg,CAPSULE,118,0,10563,2026-09-27
2026-07-30,Amoxicillin 500mg,CAPSULE,104,0,10459,2026-09-28
2026-07-31,Amoxicillin 500mg,CAPSULE,147,840,11152,2026-09-29
2026-08-01,Amoxicillin 500mg,CAPSULE,134,0,11018,2026-09-30
2026-08-02,Amoxicillin 500mg,CAPSULE,149,0,10869,2026-10-01
2026-08-03,Amoxicillin 500mg,CAPSULE,142,0,10727,2026-10-02
2026-08-04,Amoxicillin 500mg,CAPSULE,152,0,10575,2026-10-03
2026-08-05,Amoxicillin 500mg,CAPSULE,139,840,11276,2026-10-04
2026-08-06,Amoxicillin 500mg,CAPSULE,129,0,11147,2026-10-05
2026-08-07,Amoxicillin 500mg,CAPSULE,125,0,11022,2026-10-06
2026-08-08,Amoxicillin 500mg,CAPSULE,143,1680,12559,2026-10-07
2026-08-09,Amoxicillin 500mg,CAPSULE,114,0,12445,2026-10-08
2026-08-10,Amoxicillin 500mg,CAPSULE,139,0,12306,2026-10-09
2026-08-11,Amoxicillin 500mg,CAPSULE,153,0,12153,2026-10-10
2026-08-12,Amoxicillin 500mg,CAPSULE,151,0,12002,2026-10-11
2026-08-13,Amoxicillin 500mg,CAPSULE,131,1680,13551,2026-10-12
2026-08-14,Amoxicillin 500mg,CAPSULE,130,840,14261,2026-10-13
2026-08-15,Amoxicillin 500mg,CAPSULE,131,0,14130,2026-10-14
2026-08-16,Amoxicillin 500mg,CAPSULE,139,1680,15671,2026-10-15
2026-08-17,Amoxicillin 500mg,CAPSULE,151,0,15520,2026-10-16
2026-08-18,Amoxicillin 500mg,CAPSULE,173,0,15347,2026-10-17
2026-08-19,Amoxicillin 500mg,CAPSULE,155,0,15192,2026-10-18
2026-08-20,Amoxicillin 500mg,CAPSULE,138,0,15054,2026-10-19
2026-08-21,Amoxicillin 500mg,CAPSULE,168,0,14886,2026-10-20
2026-08-22,Amoxicillin 500mg,CAPSULE,136,0,14750,2026-10-21
2026-08-23,Amoxicillin 500mg,CAPSULE,149,0,14601,2026-10-22
2026-08-24,Amoxicillin 500mg,CAPSULE,163,0,14438,2026-10-23
2026-08-25,Amoxicillin 500mg,CAPSULE,163,0,14275,2026-10-24
2026-08-26,Amoxicillin 500mg,CAPSULE,119,0,14156,2026-10-25
2026-08-27,Amoxicillin 500mg,CAPSULE,125,0,14031,2026-10-26
2026-08-28,Amoxicillin 500mg,CAPSULE,137,0,13894,2026-10-27
2026-05-01,Insulin Glargine,VIAL,50,0,210,2026-05-31
2026-05-02,Insulin Glargine,VIAL,45,0,165,2026-06-01
2026-05-03,Insulin Glargine,VIAL,42,0,123,2026-06-02
2026-05-04,Insulin Glargine,VIAL,54,315,384,2026-06-03
2026-05-05,Insulin Glargine,VIAL,56,0,328,2026-06-04
2026-05-06,Insulin Glargine,VIAL,45,0,283,2026-06-05
2026-05-07,Insulin Glargine,VIAL,46,0,237,2026-06-06
2026-05-08,Insulin Glargine,VIAL,46,315,506,2026-06-07
2026-05-09,Insulin Glargine,VIAL,43,0,463,2026-06-08
2026-05-10,Insulin Glargine,VIAL,40,0,423,2026-06-09
2026-05-11,Insulin Glargine,VIAL,47,0,376,2026-06-10
2026-05-12,Insulin Glargine,VIAL,54,0,322,2026-06-11
2026-05-13,Insulin Glargine,VIAL,51,0,271,2026-06-12
2026-05-14,Insulin Glargine,VIAL,45,0,226,2026-06-13
2026-05-15,Insulin Glargine,VIAL,45,0,181,2026-06-14
2026-05-16,Insulin Glargine,VIAL,36,0,145,2026-06-15
2026-05-17,Insulin Glargine,VIAL,35,315,425,2026-06-16
2026-05-18,Insulin Glargine,VIAL,59,0,366,2026-06-17
2026-05-19,Insulin Glargine,VIAL,48,0,318,2026-06-18
2026-05-20,Insulin Glargine,VIAL,35,630,913,2026-06-19
2026-05-21,Insulin Glargine,VIAL,58,315,1170,2026-06-20
2026-05-22,Insulin Glargine,VIAL,44,0,1126,2026-06-21
2026-05-23,Insulin Glargine,VIAL,38,0,1088,2026-06-22
2026-05-24,Insulin Glargine,VIAL,45,0,1043,2026-06-23
2026-05-25,Insulin Glargine,VIAL,56,0,987,2026-06-24
2026-05-26,Insulin Glargine,VIAL,56,0,931,2026-06-25
2026-05-27,Insulin Glargine,VIAL,51,630,1510,2026-06-26
2026-05-28,Insulin Glargine,VIAL,42,315,1783,2026-06-27
2026-05-29,Insulin Glargine,VIAL,53,0,1730,2026-06-28
2026-05-30,Insulin Glargine,VIAL,51,0,1679,2026-06-29
2026-05-31,Insulin Glargine,VIAL,52,315,1942,2026-06-30
2026-06-01,Insulin Glargine,VIAL,54,0,1888,2026-07-01
2026-06-02,Insulin Glargine,VIAL,51,0,1837,2026-07-02
2026-06-03,Insulin Glargine,VIAL,45,0,1792,2026-07-03
2026-06-04,Insulin Glargine,VIAL,40,0,1752,2026-07-04
2026-06-05,Insulin Glargine,VIAL,45,0,1707,2026-07-05
2026-06-06,Insulin Glargine,VIAL,35,0,1672,2026-07-06
2026-06-07,Insulin Glargine,VIAL,38,315,1949,2026-07-07
2026-06-08,Insulin Glargine,VIAL,55,0,1894,2026-07-08
2026-06-09,Insulin Glargine,VIAL,52,315,2157,2026-07-09
2026-06-10,Insulin Glargine,VIAL,49,0,2108,2026-07-10
2026-06-11,Insulin Glargine,VIAL,51,0,2057,2026-07-11
2026-06-12,Insulin Glargine,VIAL,50,0,2007,2026-07-12
2026-06-13,Insulin Glargine,VIAL,47,315,2275,2026-07-13
2026-06-14,Insulin Glargine,VIAL,46,315,2544,2026-07-14
2026-06-15,Insulin Glargine,VIAL,50,315,2809,2026-07-15
2026-06-16,Insulin Glargine,VIAL,47,0,2762,2026-07-16
2026-06-17,Insulin Glargine,VIAL,46,0,2716,2026-07-17
2026-06-18,Insulin Glargine,VIAL,48,315,2983,2026-07-18
2026-06-19,Insulin Glargine,VIAL,49,0,2934,2026-07-19
2026-06-20,Insulin Glargine,VIAL,51,0,2883,2026-07-20
2026-06-21,Insulin Glargine,VIAL,46,315,3152,2026-07-21
2026-06-22,Insulin Glargine,VIAL,57,0,3095,2026-07-22
2026-06-23,Insulin Glargine,VIAL,47,0,3048,2026-07-23
2026-06-24,Insulin Glargine,VIAL,50,0,2998,2026-07-24
2026-06-25,Insulin Glargine,VIAL,50,630,3578,2026-07-25
2026-06-26,Insulin Glargine,VIAL,55,0,3523,2026-07-26
2026-06-27,Insulin Glargine,VIAL,46,315,3792,2026-07-27
2026-06-28,Insulin Glargine,VIAL,36,630,4386,2026-07-28
2026-06-29,Insulin Glargine,VIAL,53,315,4648,2026-07-29
2026-06-30,Insulin Glargine,VIAL,59,0,4589,2026-07-30
2026-07-01,Insulin Glargine,VIAL,43,0,4546,2026-07-31
2026-07-02,Insulin Glargine,VIAL,50,630,5126,2026-08-01
2026-07-03,Insulin Glargine,VIAL,43,0,5083,2026-08-02
2026-07-04,Insulin Glargine,VIAL,56,0,5027,2026-08-03
2026-07-05,Insulin Glargine,VIAL,45,0,4982,2026-08-04
2026-07-06,Insulin Glargine,VIAL,48,315,5249,2026-08-05
2026-07-07,Insulin Glargine,VIAL,53,630,5826,2026-08-06
2026-07-08,Insulin Glargine,VIAL,51,630,6405,2026-08-07
2026-07-09,Insulin Glargine,VIAL,52,315,6668,2026-08-08
2026-07-10,Insulin Glargine,VIAL,56,0,6612,2026-08-09
2026-07-11,Insulin Glargine,VIAL,45,315,6882,2026-08-10
2026-07-12,Insulin Glargine,VIAL,52,0,6830,2026-08-11
2026-07-13,Insulin Glargine,VIAL,46,0,6784,2026-08-12
2026-07-14,Insulin Glargine,VIAL,50,0,6734,2026-08-13
2026-07-15,Insulin Glargine,VIAL,43,315,7006,2026-08-14
2026-07-16,Insulin Glargine,VIAL,46,0,6960,2026-08-15
2026-07-17,Insulin Glargine,VIAL,54,0,6906,2026-08-16
2026-07-18,Insulin Glargine,VIAL,45,0,6861,2026-08-17
2026-07-19,Insulin Glargine,VIAL,46,0,6815,2026-08-18
2026-07-20,Insulin Glargine,VIAL,58,0,6757,2026-08-19
2026-07-21,Insulin Glargine,VIAL,59,0,6698,2026-08-20
2026-07-22,Insulin Glargine,VIAL,48,0,6650,2026-08-21
2026-07-23,Insulin Glargine,VIAL,45,315,6920,2026-08-22
2026-07-24,Insulin Glargine,VIAL,59,315,7176,2026-08-23
2026-07-25,Insulin Glargine,VIAL,47,0,7129,2026-08-24
2026-07-26,Insulin Glargine,VIAL,47,0,7082,2026-08-25
2026-07-27,Insulin Glargine,VIAL,56,0,7026,2026-08-26
2026-07-28,Insulin Glargine,VIAL,60,0,6966,2026-08-27
2026-07-29,Insulin Glargine,VIAL,43,315,7238,2026-08-28
2026-07-30,Insulin Glargine,VIAL,62,0,7176,2026-08-29
2026-07-31,Insulin Glargine,VIAL,49,0,7127,2026-08-30
2026-08-01,Insulin Glargine,VIAL,52,630,7705,2026-08-31
2026-08-02,Insulin Glargine,VIAL,43,0,7662,2026-09-01
2026-08-03,Insulin Glargine,VIAL,58,315,7919,2026-09-02
2026-08-04,Insulin Glargine,VIAL,68,0,7851,2026-09-03
2026-08-05,Insulin Glargine,VIAL,60,0,7791,2026-09-04
2026-08-06,Insulin Glargine,VIAL,55,0,7736,2026-09-05
2026-08-07,Insulin Glargine,VIAL,47,0,7689,2026-09-06
2026-08-08,Insulin Glargine,VIAL,56,0,7633,2026-09-07
2026-08-09,Insulin Glargine,VIAL,41,315,7907,2026-09-08
2026-08-10,Insulin Glargine,VIAL,53,0,7854,2026-09-09
2026-08-11,Insulin Glargine,VIAL,58,0,7796,2026-09-10
2026-08-12,Insulin Glargine,VIAL,44,315,8067,2026-09-11
2026-08-13,Insulin Glargine,VIAL,49,0,8018,2026-09-12
2026-08-14,Insulin Glargine,VIAL,56,0,7962,2026-09-13
2026-08-15,Insulin Glargine,VIAL,46,0,7916,2026-09-14
2026-08-16,Insulin Glargine,VIAL,54,0,7862,2026-09-15
2026-08-17,Insulin Glargine,VIAL,73,0,7789,2026-09-16
2026-08-18,Insulin Glargine,VIAL,61,315,8043,2026-09-17
2026-08-19,Insulin Glargine,VIAL,57,0,7986,2026-09-18
2026-08-20,Insulin Glargine,VIAL,59,0,7927,2026-09-19
2026-08-21,Insulin Glargine,VIAL,50,0,7877,2026-09-20
2026-08-22,Insulin Glargine,VIAL,55,0,7822,2026-09-21
2026-08-23,Insulin Glargine,VIAL,48,630,8404,2026-09-22
2026-08-24,Insulin Glargine,VIAL,61,0,8343,2026-09-23
2026-08-25,Insulin Glargine,VIAL,65,630,8908,2026-09-24
2026-08-26,Insulin Glargine,VIAL,49,0,8859,2026-09-25
2026-08-27,Insulin Glargine,VIAL,41,0,8818,2026-09-26
2026-08-28,Insulin Glargine,VIAL,48,0,8770,2026-09-27
2026-05-01,ORS Sachet,SACHET,178,0,772,2026-08-29
2026-05-02,ORS Sachet,SACHET,138,0,634,2026-08-30
2026-05-03,ORS Sachet,SACHET,170,0,464,2026-08-31
2026-05-04,ORS Sachet,SACHET,164,0,300,2026-09-01
2026-05-05,ORS Sachet,SACHET,176,0,124,2026-09-02
2026-05-06,ORS Sachet,SACHET,161,0,0,2026-09-03
2026-05-07,ORS Sachet,SACHET,145,0,0,2026-09-04
2026-05-08,ORS Sachet,SACHET,158,0,0,2026-09-05
2026-05-09,ORS Sachet,SACHET,131,0,0,2026-09-06
2026-05-10,ORS Sachet,SACHET,150,1120,970,2026-09-07
2026-05-11,ORS Sachet,SACHET,180,0,790,2026-09-08
2026-05-12,ORS Sachet,SACHET,141,0,649,2026-09-09
2026-05-13,ORS Sachet,SACHET,148,0,501,2026-09-10
2026-05-14,ORS Sachet,SACHET,168,2240,2573,2026-09-11
2026-05-15,ORS Sachet,SACHET,145,0,2428,2026-09-12
2026-05-16,ORS Sachet,SACHET,164,0,2264,2026-09-13
2026-05-17,ORS Sachet,SACHET,166,0,2098,2026-09-14
2026-05-18,ORS Sachet,SACHET,189,0,1909,2026-09-15
2026-05-19,ORS Sachet,SACHET,198,0,1711,2026-09-16
2026-05-20,ORS Sachet,SACHET,138,0,1573,2026-09-17
2026-05-21,ORS Sachet,SACHET,181,0,1392,2026-09-18
2026-05-22,ORS Sachet,SACHET,148,1120,2364,2026-09-19
2026-05-23,ORS Sachet,SACHET,160,1120,3324,2026-09-20
2026-05-24,ORS Sachet,SACHET,187,0,3137,2026-09-21
2026-05-25,ORS Sachet,SACHET,179,1120,4078,2026-09-22
2026-05-26,ORS Sachet,SACHET,186,1120,5012,2026-09-23
2026-05-27,ORS Sachet,SACHET,149,0,4863,2026-09-24
2026-05-28,ORS Sachet,SACHET,196,0,4667,2026-09-25
2026-05-29,ORS Sachet,SACHET,151,0,4516,2026-09-26
2026-05-30,ORS Sachet,SACHET,171,0,4345,2026-09-27
2026-05-31,ORS Sachet,SACHET,181,0,4164,2026-09-28
2026-06-01,ORS Sachet,SACHET,201,0,3963,2026-09-29
2026-06-02,ORS Sachet,SACHET,194,0,3769,2026-09-30
2026-06-03,ORS Sachet,SACHET,169,0,3600,2026-10-01
2026-06-04,ORS Sachet,SACHET,147,0,3453,2026-10-02
2026-06-05,ORS Sachet,SACHET,198,0,3255,2026-10-03
2026-06-06,ORS Sachet,SACHET,166,0,3089,2026-10-04
2026-06-07,ORS Sachet,SACHET,162,0,2927,2026-10-05
2026-06-08,ORS Sachet,SACHET,169,0,2758,2026-10-06
2026-06-09,ORS Sachet,SACHET,191,2240,4807,2026-10-07
2026-06-10,ORS Sachet,SACHET,169,0,4638,2026-10-08
2026-06-11,ORS Sachet,SACHET,200,0,4438,2026-10-09
2026-06-12,ORS Sachet,SACHET,170,1120,5388,2026-10-10
2026-06-13,ORS Sachet,SACHET,164,0,5224,2026-10-11
2026-06-14,ORS Sachet,SACHET,146,0,5078,2026-10-12
2026-06-15,ORS Sachet,SACHET,177,0,4901,2026-10-13
2026-06-16,ORS Sachet,SACHET,201,0,4700,2026-10-14
2026-06-17,ORS Sachet,SACHET,141,0,4559,2026-10-15
2026-06-18,ORS Sachet,SACHET,189,0,4370,2026-10-16
2026-06-19,ORS Sachet,SACHET,189,0,4181,2026-10-17
2026-06-20,ORS Sachet,SACHET,151,0,4030,2026-10-18
2026-06-21,ORS Sachet,SACHET,171,0,3859,2026-10-19
2026-06-22,ORS Sachet,SACHET,218,0,3641,2026-10-20
2026-06-23,ORS Sachet,SACHET,191,2240,5690,2026-10-21
2026-06-24,ORS Sachet,SACHET,167,0,5523,2026-10-22
2026-06-25,ORS Sachet,SACHET,170,1120,6473,2026-10-23
2026-06-26,ORS Sachet,SACHET,178,0,6295,2026-10-24
2026-06-27,ORS Sachet,SACHET,156,1120,7259,2026-10-25
2026-06-28,ORS Sachet,SACHET,160,0,7099,2026-10-26
2026-06-29,ORS Sachet,SACHET,200,2240,9139,2026-10-27
2026-06-30,ORS Sachet,SACHET,186,0,8953,2026-10-28
2026-07-01,ORS Sachet,SACHET,154,0,8799,2026-10-29
2026-07-02,ORS Sachet,SACHET,142,1120,9777,2026-10-30
2026-07-03,ORS Sachet,SACHET,176,0,9601,2026-10-31
2026-07-04,ORS Sachet,SACHET,189,0,9412,2026-11-01
2026-07-05,ORS Sachet,SACHET,175,0,9237,2026-11-02
2026-07-06,ORS Sachet,SACHET,175,1120,10182,2026-11-03
2026-07-07,ORS Sachet,SACHET,182,1120,11120,2026-11-04
2026-07-08,ORS Sachet,SACHET,171,0,10949,2026-11-05
2026-07-09,ORS Sachet,SACHET,209,0,10740,2026-11-06
2026-07-10,ORS Sachet,SACHET,210,0,10530,2026-11-07
2026-07-11,ORS Sachet,SACHET,200,1120,11450,2026-11-08
2026-07-12,ORS Sachet,SACHET,172,0,11278,2026-11-09
2026-07-13,ORS Sachet,SACHET,262,0,11016,2026-11-10
2026-07-14,ORS Sachet,SACHET,185,0,10831,2026-11-11
2026-07-15,ORS Sachet,SACHET,172,0,10659,2026-11-12
2026-07-16,ORS Sachet,SACHET,194,0,10465,2026-11-13
2026-07-17,ORS Sachet,SACHET,183,0,10282,2026-11-14
2026-07-18,ORS Sachet,SACHET,177,0,10105,2026-11-15
2026-07-19,ORS Sachet,SACHET,139,2240,12206,2026-11-16
2026-07-20,ORS Sachet,SACHET,181,0,12025,2026-11-17
2026-07-21,ORS Sachet,SACHET,200,1120,12945,2026-11-18
2026-07-22,ORS Sachet,SACHET,167,0,12778,2026-11-19
2026-07-23,ORS Sachet,SACHET,156,0,12622,2026-11-20
2026-07-24,ORS Sachet,SACHET,170,0,12452,2026-11-21
2026-07-25,ORS Sachet,SACHET,178,0,12274,2026-11-22
2026-07-26,ORS Sachet,SACHET,186,0,12088,2026-11-23
2026-07-27,ORS Sachet,SACHET,164,0,11924,2026-11-24
2026-07-28,ORS Sachet,SACHET,203,0,11721,2026-11-25
2026-07-29,ORS Sachet,SACHET,179,1120,12662,2026-11-26
2026-07-30,ORS Sachet,SACHET,186,2240,14716,2026-11-27
2026-07-31,ORS Sachet,SACHET,162,2240,16794,2026-11-28
2026-08-01,ORS Sachet,SACHET,156,0,16638,2026-11-29
2026-08-02,ORS Sachet,SACHET,197,0,16441,2026-11-30
2026-08-03,ORS Sachet,SACHET,153,1120,17408,2026-12-01
2026-08-04,ORS Sachet,SACHET,188,0,17220,2026-12-02
2026-08-05,ORS Sachet,SACHET,176,0,17044,2026-12-03
2026-08-06,ORS Sachet,SACHET,178,1120,17986,2026-12-04
2026-08-07,ORS Sachet,SACHET,171,0,17815,2026-12-05
2026-08-08,ORS Sachet,SACHET,185,0,17630,2026-12-06
2026-08-09,ORS Sachet,SACHET,184,1120,18566,2026-12-07
2026-08-10,ORS Sachet,SACHET,203,0,18363,2026-12-08
2026-08-11,ORS Sachet,SACHET,194,0,18169,2026-12-09
2026-08-12,ORS Sachet,SACHET,181,0,17988,2026-12-10
2026-08-13,ORS Sachet,SACHET,186,1120,18922,2026-12-11
2026-08-14,ORS Sachet,SACHET,171,0,18751,2026-12-12
2026-08-15,ORS Sachet,SACHET,188,0,18563,2026-12-13
2026-08-16,ORS Sachet,SACHET,196,1120,19487,2026-12-14
2026-08-17,ORS Sachet,SACHET,238,0,19249,2026-12-15
2026-08-18,ORS Sachet,SACHET,237,0,19012,2026-12-16
2026-08-19,ORS Sachet,SACHET,180,2240,21072,2026-12-17
2026-08-20,ORS Sachet,SACHET,189,1120,22003,2026-12-18
2026-08-21,ORS Sachet,SACHET,184,0,21819,2026-12-19
2026-08-22,ORS Sachet,SACHET,177,0,21642,2026-12-20
2026-08-23,ORS Sachet,SACHET,176,0,21466,2026-12-21
2026-08-24,ORS Sachet,SACHET,210,2240,23496,2026-12-22
2026-08-25,ORS Sachet,SACHET,235,2240,25501,2026-12-23
2026-08-26,ORS Sachet,SACHET,194,0,25307,2026-12-24
2026-08-27,ORS Sachet,SACHET,167,0,25140,2026-12-25
2026-08-28,ORS Sachet,SACHET,206,0,24934,2026-12-26
2026-05-01,Azithromycin 500mg,TABLET,92,0,408,2026-06-30
2026-05-02,Azithromycin 500mg,TABLET,91,0,317,2026-07-01
2026-05-03,Azithromycin 500mg,TABLET,89,0,228,2026-07-02
2026-05-04,Azithromycin 500mg,TABLET,105,1260,1383,2026-07-03
2026-05-05,Azithromycin 500mg,TABLET,105,0,1278,2026-07-04
2026-05-06,Azithromycin 500mg,TABLET,75,0,1203,2026-07-05
2026-05-07,Azithromycin 500mg,TABLET,95,0,1108,2026-07-06
2026-05-08,Azithromycin 500mg,TABLET,84,0,1024,2026-07-07
2026-05-09,Azithromycin 500mg,TABLET,83,0,941,2026-07-08
2026-05-10,Azithromycin 500mg,TABLET,88,630,1483,2026-07-09
2026-05-11,Azithromycin 500mg,TABLET,119,630,1994,2026-07-10
2026-05-12,Azithromycin 500mg,TABLET,92,0,1902,2026-07-11
2026-05-13,Azithromycin 500mg,TABLET,91,1260,3071,2026-07-12
2026-05-14,Azithromycin 500mg,TABLET,89,0,2982,2026-07-13
2026-05-15,Azithromycin 500mg,TABLET,100,0,2882,2026-07-14
2026-05-16,Azithromycin 500mg,TABLET,86,0,2796,2026-07-15
2026-05-17,Azithromycin 500mg,TABLET,90,630,3336,2026-07-16
2026-05-18,Azithromycin 500mg,TABLET,93,0,3243,2026-07-17
2026-05-19,Azithromycin 500mg,TABLET,115,0,3128,2026-07-18
2026-05-20,Azithromycin 500mg,TABLET,79,0,3049,2026-07-19
2026-05-21,Azithromycin 500mg,TABLET,97,0,2952,2026-07-20
2026-05-22,Azithromycin 500mg,TABLET,95,0,2857,2026-07-21
2026-05-23,Azithromycin 500mg,TABLET,93,0,2764,2026-07-22
2026-05-24,Azithromycin 500mg,TABLET,77,630,3317,2026-07-23
2026-05-25,Azithromycin 500mg,TABLET,101,0,3216,2026-07-24
2026-05-26,Azithromycin 500mg,TABLET,114,1260,4362,2026-07-25
2026-05-27,Azithromycin 500mg,TABLET,110,0,4252,2026-07-26
2026-05-28,Azithromycin 500mg,TABLET,93,0,4159,2026-07-27
2026-05-29,Azithromycin 500mg,TABLET,101,0,4058,2026-07-28
2026-05-30,Azithromycin 500mg,TABLET,91,0,3967,2026-07-29
2026-05-31,Azithromycin 500mg,TABLET,90,0,3877,2026-07-30
2026-06-01,Azithromycin 500mg,TABLET,101,0,3776,2026-07-31
2026-06-02,Azithromycin 500mg,TABLET,106,0,3670,2026-08-01
2026-06-03,Azithromycin 500mg,TABLET,101,0,3569,2026-08-02
2026-06-04,Azithromycin 500mg,TABLET,102,0,3467,2026-08-03
2026-06-05,Azithromycin 500mg,TABLET,83,0,3384,2026-08-04
2026-06-06,Azithromycin 500mg,TABLET,87,630,3927,2026-08-05
2026-06-07,Azithromycin 500mg,TABLET,82,0,3845,2026-08-06
2026-06-08,Azithromycin 500mg,TABLET,107,0,3738,2026-08-07
2026-06-09,Azithromycin 500mg,TABLET,103,0,3635,2026-08-08
2026-06-10,Azithromycin 500mg,TABLET,99,630,4166,2026-08-09
2026-06-11,Azithromycin 500mg,TABLET,99,0,4067,2026-08-10
2026-06-12,Azithromycin 500mg,TABLET,76,1260,5251,2026-08-11
2026-06-13,Azithromycin 500mg,TABLET,72,0,5179,2026-08-12
2026-06-14,Azithromycin 500mg,TABLET,92,0,5087,2026-08-13
2026-06-15,Azithromycin 500mg,TABLET,120,0,4967,2026-08-14
2026-06-16,Azithromycin 500mg,TABLET,102,0,4865,2026-08-15
2026-06-17,Azithromycin 500mg,TABLET,91,630,5404,2026-08-16
2026-06-18,Azithromycin 500mg,TABLET,106,0,5298,2026-08-17
2026-06-19,Azithromycin 500mg,TABLET,104,630,5824,2026-08-18
2026-06-20,Azithromycin 500mg,TABLET,84,0,5740,2026-08-19
2026-06-21,Azithromycin 500mg,TABLET,100,0,5640,2026-08-20
2026-06-22,Azithromycin 500mg,TABLET,100,0,5540,2026-08-21
2026-06-23,Azithromycin 500mg,TABLET,103,630,6067,2026-08-22
2026-06-24,Azithromycin 500mg,TABLET,88,1260,7239,2026-08-23
2026-06-25,Azithromycin 500mg,TABLET,85,630,7784,2026-08-24
2026-06-26,Azithromycin 500mg,TABLET,99,0,7685,2026-08-25
2026-06-27,Azithromycin 500mg,TABLET,81,0,7604,2026-08-26
2026-06-28,Azithromycin 500mg,TABLET,95,0,7509,2026-08-27
2026-06-29,Azithromycin 500mg,TABLET,111,0,7398,2026-08-28
2026-06-30,Azithromycin 500mg,TABLET,108,0,7290,2026-08-29
2026-07-01,Azithromycin 500mg,TABLET,94,630,7826,2026-08-30
2026-07-02,Azithromycin 500mg,TABLET,92,0,7734,2026-08-31
2026-07-03,Azithromycin 500mg,TABLET,88,630,8276,2026-09-01
2026-07-04,Azithromycin 500mg,TABLET,108,0,8168,2026-09-02
2026-07-05,Azithromycin 500mg,TABLET,93,0,8075,2026-09-03
2026-07-06,Azithromycin 500mg,TABLET,108,1260,9227,2026-09-04
2026-07-07,Azithromycin 500mg,TABLET,101,0,9126,2026-09-05
2026-07-08,Azithromycin 500mg,TABLET,112,0,9014,2026-09-06
2026-07-09,Azithromycin 500mg,TABLET,93,1260,10181,2026-09-07
2026-07-10,Azithromycin 500mg,TABLET,102,0,10079,2026-09-08
2026-07-11,Azithromycin 500mg,TABLET,100,0,9979,2026-09-09
2026-07-12,Azithromycin 500mg,TABLET,97,0,9882,2026-09-10
2026-07-13,Azithromycin 500mg,TABLET,96,630,10416,2026-09-11
2026-07-14,Azithromycin 500mg,TABLET,119,0,10297,2026-09-12
2026-07-15,Azithromycin 500mg,TABLET,94,0,10203,2026-09-13
2026-07-16,Azithromycin 500mg,TABLET,108,0,10095,2026-09-14
2026-07-17,Azithromycin 500mg,TABLET,94,1260,11261,2026-09-15
2026-07-18,Azithromycin 500mg,TABLET,96,0,11165,2026-09-16
2026-07-19,Azithromycin 500mg,TABLET,101,1260,12324,2026-09-17
2026-07-20,Azithromycin 500mg,TABLET,127,0,12197,2026-09-18
2026-07-21,Azithromycin 500mg,TABLET,120,0,12077,2026-09-19
2026-07-22,Azithromycin 500mg,TABLET,106,0,11971,2026-09-20
2026-07-23,Azithromycin 500mg,TABLET,108,630,12493,2026-09-21
2026-07-24,Azithromycin 500mg,TABLET,93,0,12400,2026-09-22
2026-07-25,Azithromycin 500mg,TABLET,106,0,12294,2026-09-23
2026-07-26,Azithromycin 500mg,TABLET,95,0,12199,2026-09-24
2026-07-27,Azithromycin 500mg,TABLET,111,0,12088,2026-09-25
2026-07-28,Azithromycin 500mg,TABLET,115,0,11973,2026-09-26
2026-07-29,Azithromycin 500mg,TABLET,98,0,11875,2026-09-27
2026-07-30,Azithromycin 500mg,TABLET,92,0,11783,2026-09-28
2026-07-31,Azithromycin 500mg,TABLET,102,0,11681,2026-09-29
2026-08-01,Azithromycin 500mg,TABLET,96,0,11585,2026-09-30
2026-08-02,Azithromycin 500mg,TABLET,96,630,12119,2026-10-01
2026-08-03,Azithromycin 500mg,TABLET,114,0,12005,2026-10-02
2026-08-04,Azithromycin 500mg,TABLET,91,630,12544,2026-10-03
2026-08-05,Azithromycin 500mg,TABLET,100,630,13074,2026-10-04
2026-08-06,Azithromycin 500mg,TABLET,117,0,12957,2026-10-05
2026-08-07,Azithromycin 500mg,TABLET,117,0,12840,2026-10-06
2026-08-08,Azithromycin 500mg,TABLET,100,0,12740,2026-10-07
2026-08-09,Azithromycin 500mg,TABLET,99,0,12641,2026-10-08
2026-08-10,Azithromycin 500mg,TABLET,89,0,12552,2026-10-09
2026-08-11,Azithromycin 500mg,TABLET,110,630,13072,2026-10-10
2026-08-12,Azithromycin 500mg,TABLET,111,0,12961,2026-10-11
2026-08-13,Azithromycin 500mg,TABLET,100,0,12861,2026-10-12
2026-08-14,Azithromycin 500mg,TABLET,115,0,12746,2026-10-13
2026-08-15,Azithromycin 500mg,TABLET,110,0,12636,2026-10-14
2026-08-16,Azithromycin 500mg,TABLET,95,0,12541,2026-10-15
2026-08-17,Azithromycin 500mg,TABLET,118,630,13053,2026-10-16
2026-08-18,Azithromycin 500mg,TABLET,135,630,13548,2026-10-17
2026-08-19,Azithromycin 500mg,TABLET,90,0,13458,2026-10-18
2026-08-20,Azithromycin 500mg,TABLET,101,0,13357,2026-10-19
2026-08-21,Azithromycin 500mg,TABLET,89,0,13268,2026-10-20
2026-08-22,Azithromycin 500mg,TABLET,92,630,13806,2026-10-21
2026-08-23,Azithromycin 500mg,TABLET,119,0,13687,2026-10-22
2026-08-24,Azithromycin 500mg,TABLET,114,0,13573,2026-10-23
2026-08-25,Azithromycin 500mg,TABLET,96,0,13477,2026-10-24
2026-08-26,Azithromycin 500mg,TABLET,95,630,14012,2026-10-25
2026-08-27,Azithromycin 500mg,TABLET,89,0,13923,2026-10-26
2026-08-28,Azithromycin 500mg,TABLET,108,0,13815,2026-10-27
2026-05-01,Salbutamol Inhaler,INHALER,57,0,263,2026-06-15
2026-05-02,Salbutamol Inhaler,INHALER,57,0,206,2026-06-16
2026-05-03,Salbutamol Inhaler,INHALER,56,0,150,2026-06-17
2026-05-04,Salbutamol Inhaler,INHALER,53,385,482,2026-06-18
2026-05-05,Salbutamol Inhaler,INHALER,64,0,418,2026-06-19
2026-05-06,Salbutamol Inhaler,INHALER,55,0,363,2026-06-20
2026-05-07,Salbutamol Inhaler,INHALER,61,770,1072,2026-06-21
2026-05-08,Salbutamol Inhaler,INHALER,60,0,1012,2026-06-22
2026-05-09,Salbutamol Inhaler,INHALER,64,0,948,2026-06-23
2026-05-10,Salbutamol Inhaler,INHALER,49,0,899,2026-06-24
2026-05-11,Salbutamol Inhaler,INHALER,56,0,843,2026-06-25
2026-05-12,Salbutamol Inhaler,INHALER,60,0,783,2026-06-26
2026-05-13,Salbutamol Inhaler,INHALER,55,385,1113,2026-06-27
2026-05-14,Salbutamol Inhaler,INHALER,52,0,1061,2026-06-28
2026-05-15,Salbutamol Inhaler,INHALER,51,0,1010,2026-06-29
2026-05-16,Salbutamol Inhaler,INHALER,56,0,954,2026-06-30
2026-05-17,Salbutamol Inhaler,INHALER,51,385,1288,2026-07-01
2026-05-18,Salbutamol Inhaler,INHALER,59,0,1229,2026-07-02
2026-05-19,Salbutamol Inhaler,INHALER,55,0,1174,2026-07-03
2026-05-20,Salbutamol Inhaler,INHALER,44,0,1130,2026-07-04
2026-05-21,Salbutamol Inhaler,INHALER,64,385,1451,2026-07-05
2026-05-22,Salbutamol Inhaler,INHALER,64,0,1387,2026-07-06
2026-05-23,Salbutamol Inhaler,INHALER,59,0,1328,2026-07-07
2026-05-24,Salbutamol Inhaler,INHALER,57,0,1271,2026-07-08
2026-05-25,Salbutamol Inhaler,INHALER,60,0,1211,2026-07-09
2026-05-26,Salbutamol Inhaler,INHALER,68,0,1143,2026-07-10
2026-05-27,Salbutamol Inhaler,INHALER,51,0,1092,2026-07-11
2026-05-28,Salbutamol Inhaler,INHALER,58,0,1034,2026-07-12
2026-05-29,Salbutamol Inhaler,INHALER,53,0,981,2026-07-13
2026-05-30,Salbutamol Inhaler,INHALER,58,0,923,2026-07-14
2026-05-31,Salbutamol Inhaler,INHALER,64,385,1244,2026-07-15
2026-06-01,Salbutamol Inhaler,INHALER,58,0,1186,2026-07-16
2026-06-02,Salbutamol Inhaler,INHALER,61,0,1125,2026-07-17
2026-06-03,Salbutamol Inhaler,INHALER,58,385,1452,2026-07-18
2026-06-04,Salbutamol Inhaler,INHALER,47,0,1405,2026-07-19
2026-06-05,Salbutamol Inhaler,INHALER,49,0,1356,2026-07-20
2026-06-06,Salbutamol Inhaler,INHALER,64,0,1292,2026-07-21
2026-06-07,Salbutamol Inhaler,INHALER,57,0,1235,2026-07-22
2026-06-08,Salbutamol Inhaler,INHALER,61,0,1174,2026-07-23
2026-06-09,Salbutamol Inhaler,INHALER,65,0,1109,2026-07-24
2026-06-10,Salbutamol Inhaler,INHALER,55,0,1054,2026-07-25
2026-06-11,Salbutamol Inhaler,INHALER,59,0,995,2026-07-26
2026-06-12,Salbutamol Inhaler,INHALER,56,385,1324,2026-07-27
2026-06-13,Salbutamol Inhaler,INHALER,56,385,1653,2026-07-28
2026-06-14,Salbutamol Inhaler,INHALER,60,0,1593,2026-07-29
2026-06-15,Salbutamol Inhaler,INHALER,70,0,1523,2026-07-30
2026-06-16,Salbutamol Inhaler,INHALER,75,0,1448,2026-07-31
2026-06-17,Salbutamol Inhaler,INHALER,61,0,1387,2026-08-01
2026-06-18,Salbutamol Inhaler,INHALER,59,0,1328,2026-08-02
2026-06-19,Salbutamol Inhaler,INHALER,69,0,1259,2026-08-03
2026-06-20,Salbutamol Inhaler,INHALER,56,0,1203,2026-08-04
2026-06-21,Salbutamol Inhaler,INHALER,45,0,1158,2026-08-05
2026-06-22,Salbutamol Inhaler,INHALER,72,0,1086,2026-08-06
2026-06-23,Salbutamol Inhaler,INHALER,68,0,1018,2026-08-07
2026-06-24,Salbutamol Inhaler,INHALER,59,0,959,2026-08-08
2026-06-25,Salbutamol Inhaler,INHALER,64,0,895,2026-08-09
2026-06-26,Salbutamol Inhaler,INHALER,57,385,1223,2026-08-10
2026-06-27,Salbutamol Inhaler,INHALER,45,0,1178,2026-08-11
2026-06-28,Salbutamol Inhaler,INHALER,62,770,1886,2026-08-12
2026-06-29,Salbutamol Inhaler,INHALER,63,0,1823,2026-08-13
2026-06-30,Salbutamol Inhaler,INHALER,61,385,2147,2026-08-14
2026-07-01,Salbutamol Inhaler,INHALER,48,385,2484,2026-08-15
2026-07-02,Salbutamol Inhaler,INHALER,65,0,2419,2026-08-16
2026-07-03,Salbutamol Inhaler,INHALER,45,0,2374,2026-08-17
2026-07-04,Salbutamol Inhaler,INHALER,65,0,2309,2026-08-18
2026-07-05,Salbutamol Inhaler,INHALER,56,0,2253,2026-08-19
2026-07-06,Salbutamol Inhaler,INHALER,73,385,2565,2026-08-20
2026-07-07,Salbutamol Inhaler,INHALER,71,0,2494,2026-08-21
2026-07-08,Salbutamol Inhaler,INHALER,72,0,2422,2026-08-22
2026-07-09,Salbutamol Inhaler,INHALER,63,0,2359,2026-08-23
2026-07-10,Salbutamol Inhaler,INHALER,68,0,2291,2026-08-24
2026-07-11,Salbutamol Inhaler,INHALER,55,0,2236,2026-08-25
2026-07-12,Salbutamol Inhaler,INHALER,49,0,2187,2026-08-26
2026-07-13,Salbutamol Inhaler,INHALER,75,0,2112,2026-08-27
2026-07-14,Salbutamol Inhaler,INHALER,58,0,2054,2026-08-28
2026-07-15,Salbutamol Inhaler,INHALER,66,0,1988,2026-08-29
2026-07-16,Salbutamol Inhaler,INHALER,55,770,2703,2026-08-30
2026-07-17,Salbutamol Inhaler,INHALER,63,385,3025,2026-08-31
2026-07-18,Salbutamol Inhaler,INHALER,70,0,2955,2026-09-01
2026-07-19,Salbutamol Inhaler,INHALER,63,385,3277,2026-09-02
2026-07-20,Salbutamol Inhaler,INHALER,68,0,3209,2026-09-03
2026-07-21,Salbutamol Inhaler,INHALER,72,0,3137,2026-09-04
2026-07-22,Salbutamol Inhaler,INHALER,59,770,3848,2026-09-05
2026-07-23,Salbutamol Inhaler,INHALER,76,0,3772,2026-09-06
2026-07-24,Salbutamol Inhaler,INHALER,57,0,3715,2026-09-07
2026-07-25,Salbutamol Inhaler,INHALER,59,0,3656,2026-09-08
2026-07-26,Salbutamol Inhaler,INHALER,63,385,3978,2026-09-09
2026-07-27,Salbutamol Inhaler,INHALER,72,385,4291,2026-09-10
2026-07-28,Salbutamol Inhaler,INHALER,73,0,4218,2026-09-11
2026-07-29,Salbutamol Inhaler,INHALER,59,0,4159,2026-09-12
2026-07-30,Salbutamol Inhaler,INHALER,61,0,4098,2026-09-13
2026-07-31,Salbutamol Inhaler,INHALER,68,770,4800,2026-09-14
2026-08-01,Salbutamol Inhaler,INHALER,65,0,4735,2026-09-15
2026-08-02,Salbutamol Inhaler,INHALER,62,770,5443,2026-09-16
2026-08-03,Salbutamol Inhaler,INHALER,80,385,5748,2026-09-17
2026-08-04,Salbutamol Inhaler,INHALER,77,385,6056,2026-09-18
2026-08-05,Salbutamol Inhaler,INHALER,68,385,6373,2026-09-19
2026-08-06,Salbutamol Inhaler,INHALER,53,0,6320,2026-09-20
2026-08-07,Salbutamol Inhaler,INHALER,65,0,6255,2026-09-21
2026-08-08,Salbutamol Inhaler,INHALER,62,385,6578,2026-09-22
2026-08-09,Salbutamol Inhaler,INHALER,70,0,6508,2026-09-23
2026-08-10,Salbutamol Inhaler,INHALER,53,0,6455,2026-09-24
2026-08-11,Salbutamol Inhaler,INHALER,70,0,6385,2026-09-25
2026-08-12,Salbutamol Inhaler,INHALER,64,0,6321,2026-09-26
2026-08-13,Salbutamol Inhaler,INHALER,57,385,6649,2026-09-27
2026-08-14,Salbutamol Inhaler,INHALER,58,770,7361,2026-09-28
2026-08-15,Salbutamol Inhaler,INHALER,70,0,7291,2026-09-29
2026-08-16,Salbutamol Inhaler,INHALER,64,0,7227,2026-09-30
2026-08-17,Salbutamol Inhaler,INHALER,85,0,7142,2026-10-01
2026-08-18,Salbutamol Inhaler,INHALER,70,770,7842,2026-10-02
2026-08-19,Salbutamol Inhaler,INHALER,55,0,7787,2026-10-03
2026-08-20,Salbutamol Inhaler,INHALER,62,0,7725,2026-10-04
2026-08-21,Salbutamol Inhaler,INHALER,61,0,7664,2026-10-05
2026-08-22,Salbutamol Inhaler,INHALER,66,385,7983,2026-10-06
2026-08-23,Salbutamol Inhaler,INHALER,66,0,7917,2026-10-07
2026-08-24,Salbutamol Inhaler,INHALER,76,385,8226,2026-10-08
2026-08-25,Salbutamol Inhaler,INHALER,88,385,8523,2026-10-09
2026-08-26,Salbutamol Inhaler,INHALER,73,0,8450,2026-10-10
2026-08-27,Salbutamol Inhaler,INHALER,59,0,8391,2026-10-11
2026-08-28,Salbutamol Inhaler,INHALER,71,770,9090,2026-10-12
